"id","obs_times","y","x"
1,0,2.31570546246174,0.557776314997446
2,0,0.343060900980987,2.21027639168128
3,0,-0.603039979133525,-1.27938957650235
3,0.5,-1.32007349786691,-1.27938957650235
3,1,-1.90771413133853,-1.27938957650235
3,1.5,-1.91082605847738,-1.27938957650235
3,2,-1.46306339714115,-1.27938957650235
3,2.5,-0.924056546332173,-1.27938957650235
3,3,-0.712519797476863,-1.27938957650235
3,3.5,-1.21277214000469,-1.27938957650235
3,4,-0.696574145066149,-1.27938957650235
4,0,-0.357821722154004,-0.98276720330839
4,0.5,0.206795176282492,-0.98276720330839
4,1,-0.905184699066842,-0.98276720330839
4,1.5,0.112256393255537,-0.98276720330839
4,2,0.159679559471776,-0.98276720330839
4,2.5,0.793031865085866,-0.98276720330839
4,3,0.197136222375277,-0.98276720330839
4,3.5,0.953849522668523,-0.98276720330839
4,4,0.426726489462355,-0.98276720330839
5,0,2.01766095454807,0.88264017112684
6,0,-1.51979821042359,-2.09698126700492
6,0.5,-2.24061574193088,-2.09698126700492
6,1,-0.665691070442481,-2.09698126700492
6,1.5,-1.34313415753284,-2.09698126700492
6,2,-1.61951660115884,-2.09698126700492
6,2.5,-2.04838603933889,-2.09698126700492
6,3,-1.77828068948429,-2.09698126700492
6,3.5,-2.14564396282889,-2.09698126700492
6,4,-1.82662926428335,-2.09698126700492
7,0,-2.40651781708764,-0.525825717222387
7,0.5,-1.168099829352,-0.525825717222387
7,1,-0.909181469626833,-0.525825717222387
7,1.5,0.336301570778957,-0.525825717222387
8,0,0.000174876830693338,-1.77756490240863
8,0.5,-0.406292089063028,-1.77756490240863
8,1,0.392858081743245,-1.77756490240863
8,1.5,0.922359757391433,-1.77756490240863
8,2,0.712627318785605,-1.77756490240863
8,2.5,1.15551369749587,-1.77756490240863
8,3,1.58144352561579,-1.77756490240863
8,3.5,2.31357415596129,-1.77756490240863
8,4,2.2904199756916,-1.77756490240863
9,0,-1.36044498843285,-1.1889471542315
10,0,2.9240742815855,1.71034546764874
11,0,0.500192075622147,0.42104463680825
11,0.5,1.40704138975499,0.42104463680825
11,1,1.02635408791219,0.42104463680825
11,1.5,0.432472685036293,0.42104463680825
11,2,0.681356398237609,0.42104463680825
11,2.5,1.39567562522801,0.42104463680825
11,3,0.794705796233822,0.42104463680825
11,3.5,1.05708824488514,0.42104463680825
11,4,1.88401649324105,0.42104463680825
12,0,0.306789796755855,-0.433952263174382
12,0.5,-0.516928364060384,-0.433952263174382
12,1,1.47163497356793,-0.433952263174382
12,1.5,0.580059443208006,-0.433952263174382
12,2,1.70709584739446,-0.433952263174382
12,2.5,3.29230215919002,-0.433952263174382
13,0,-1.24205586811695,-1.20198884934646
13,0.5,-1.23448270631302,-1.20198884934646
13,1,-1.89257321877996,-1.20198884934646
13,1.5,-2.99841437153008,-1.20198884934646
13,2,-2.07282838990681,-1.20198884934646
13,2.5,-2.6413201371093,-1.20198884934646
13,3,-2.84277406674014,-1.20198884934646
13,3.5,-2.59159947416674,-1.20198884934646
13,4,-3.12236787123994,-1.20198884934646
14,0,0.2484284894976,-0.217087903188482
14,0.5,-0.370383650354823,-0.217087903188482
14,1,0.18381241169041,-0.217087903188482
14,1.5,-0.122661593556552,-0.217087903188482
14,2,0.849487827069312,-0.217087903188482
14,2.5,0.297388224837245,-0.217087903188482
14,3,1.43713802677161,-0.217087903188482
14,3.5,0.78350188270171,-0.217087903188482
14,4,1.80459339108677,-0.217087903188482
15,0,-0.473472616994207,0.100793636382555
15,0.5,-0.683494129973366,0.100793636382555
15,1,-1.26556156579898,0.100793636382555
15,1.5,-1.41643597069287,0.100793636382555
15,2,-2.47772956699433,0.100793636382555
15,2.5,-3.49789788385266,0.100793636382555
15,3,-4.10810286074673,0.100793636382555
15,3.5,-4.38446149443588,0.100793636382555
16,0,-0.842341888536966,-0.766096650023711
16,0.5,-1.81109173608135,-0.766096650023711
16,1,-2.07717384761068,-0.766096650023711
16,1.5,-2.87404520773211,-0.766096650023711
16,2,-2.81204922440674,-0.766096650023711
16,2.5,-2.80498097320865,-0.766096650023711
16,3,-4.69380920520215,-0.766096650023711
16,3.5,-4.16160509716037,-0.766096650023711
16,4,-5.61417465579752,-0.766096650023711
17,0,0.677377258979261,-0.297511789694379
18,0,-0.474039683023482,-0.646553070454452
18,0.5,0.759999714874539,-0.646553070454452
18,1,1.04223673561468,-0.646553070454452
19,0,-1.74973456140712,-0.0707909663864695
19,0.5,-1.28246055904366,-0.0707909663864695
19,1,-0.979281354693338,-0.0707909663864695
19,1.5,-0.972198702558282,-0.0707909663864695
19,2,-1.16400257894314,-0.0707909663864695
19,2.5,-0.545507831808769,-0.0707909663864695
19,3,-0.861765018884194,-0.0707909663864695
19,3.5,-0.570387030427625,-0.0707909663864695
19,4,0.256848705585589,-0.0707909663864695
20,0,-0.243963211620932,0.349491418410563
20,0.5,-0.0852674840420141,0.349491418410563
21,0,0.577567899514038,-0.154996415530677
21,0.5,0.790457997797932,-0.154996415530677
21,1,1.55184938686587,-0.154996415530677
22,0,0.82429174749408,0.830610429155745
22,0.5,-0.243662073899848,0.830610429155745
22,1,-0.0148691276548722,0.830610429155745
22,1.5,-2.15421190532,0.830610429155745
22,2,-2.79278393651144,0.830610429155745
22,2.5,-2.53596024022263,0.830610429155745
22,3,-3.85224566440037,0.830610429155745
23,0,0.896258892099676,0.346625560274807
23,0.5,1.38323058207666,0.346625560274807
23,1,0.971432705100564,0.346625560274807
23,1.5,1.12865070779305,0.346625560274807
23,2,0.59635164014751,0.346625560274807
23,2.5,0.830684194331497,0.346625560274807
23,3,1.12923906666619,0.346625560274807
23,3.5,0.662572556026591,0.346625560274807
23,4,0.00792329001934416,0.346625560274807
24,0,1.69664687851073,-0.32742017107187
24,0.5,1.80769793702317,-0.32742017107187
24,1,2.83785317144028,-0.32742017107187
24,1.5,3.24206168694184,-0.32742017107187
25,0,-1.78019234591309,-0.209734590898286
25,0.5,-0.922059343401939,-0.209734590898286
25,1,-1.29189036620415,-0.209734590898286
25,1.5,-1.00136725534882,-0.209734590898286
25,2,-0.154900535462424,-0.209734590898286
25,2.5,-0.431805507594581,-0.209734590898286
25,3,-0.0356005433389528,-0.209734590898286
25,3.5,-0.910864250783343,-0.209734590898286
25,4,-0.181587490625051,-0.209734590898286
26,0,2.19995300384794,2.36525984732451
27,0,0.692168433507146,0.548332781389093
28,0,-1.13777406471077,-1.08058216365928
29,0,0.650618662831784,0.707359805244988
29,0.5,1.18987616827625,0.707359805244988
29,1,1.30665284302973,0.707359805244988
29,1.5,0.755124784340128,0.707359805244988
29,2,0.474607822645332,0.707359805244988
29,2.5,1.67501414584558,0.707359805244988
29,3,0.433405278789766,0.707359805244988
29,3.5,1.53544450706335,0.707359805244988
29,4,0.987812637722914,0.707359805244988
30,0,0.942791251189993,0.806320826815102
30,0.5,1.17756824387467,0.806320826815102
30,1,1.15758254033721,0.806320826815102
30,1.5,1.16083587505413,0.806320826815102
30,2,1.95088385433736,0.806320826815102
30,2.5,2.23892392758448,0.806320826815102
30,3,2.91434717573665,0.806320826815102
30,3.5,2.99608914127618,0.806320826815102
30,4,4.13797343150569,0.806320826815102
31,0,1.24004421675298,0.397939405086511
31,0.5,2.19489964321145,0.397939405086511
31,1,0.797523005147853,0.397939405086511
31,1.5,1.4020894711342,0.397939405086511
31,2,1.71741136737163,0.397939405086511
31,2.5,1.66214507277583,0.397939405086511
31,3,0.930405117760245,0.397939405086511
31,3.5,1.27754895137015,0.397939405086511
31,4,1.3670670967013,0.397939405086511
32,0,1.93282593450061,2.36501238383918
33,0,-0.919359596953944,-0.422825511395259
33,0.5,0.685698795221483,-0.422825511395259
33,1,1.29421822349396,-0.422825511395259
34,0,0.388669224237688,0.0944102593553236
34,0.5,0.802267656876736,0.0944102593553236
35,0,-1.61437253321809,-0.515816958251398
35,0.5,-0.785836735816251,-0.515816958251398
35,1,-1.2908779084107,-0.515816958251398
35,1.5,-1.22453481748843,-0.515816958251398
35,2,-0.499140222108337,-0.515816958251398
35,2.5,0.149327592669244,-0.515816958251398
35,3,0.856896396778515,-0.515816958251398
35,3.5,1.92608090568801,-0.515816958251398
35,4,1.64354490237754,-0.515816958251398
36,0,0.667082640363458,-0.571755169131815
36,0.5,0.119107899722281,-0.571755169131815
36,1,0.732466002221494,-0.571755169131815
36,1.5,0.760066463898842,-0.571755169131815
36,2,1.37781488989912,-0.571755169131815
36,2.5,2.10315453595238,-0.571755169131815
36,3,1.65981080873195,-0.571755169131815
36,3.5,2.57626445623842,-0.571755169131815
36,4,3.59981317908564,-0.571755169131815
37,0,1.47675583428292,1.27294470808222
38,0,-0.0380238740699896,-0.440683318795431
38,0.5,-0.470430830817711,-0.440683318795431
39,0,-0.521831920104966,-0.737919740620974
39,0.5,0.424354498548102,-0.737919740620974
39,1,0.00441351241000582,-0.737919740620974
39,1.5,0.459828856481649,-0.737919740620974
39,2,1.40606881638212,-0.737919740620974
39,2.5,1.57554511873179,-0.737919740620974
39,3,2.38319626036712,-0.737919740620974
40,0,-0.599592901260944,-0.455762834534043
40,0.5,0.642245800397266,-0.455762834534043
40,1,0.5076526761223,-0.455762834534043
40,1.5,0.899206091146364,-0.455762834534043
40,2,2.00067885635034,-0.455762834534043
40,2.5,1.14868421630517,-0.455762834534043
40,3,2.18406025031055,-0.455762834534043
40,3.5,2.78797351511412,-0.455762834534043
40,4,2.84343587213334,-0.455762834534043
41,0,0.041590996638891,0.468677299592083
41,0.5,0.82724226476171,0.468677299592083
42,0,-1.79315983484878,-0.841663914357794
42,0.5,-0.240027535536403,-0.841663914357794
43,0,-0.278888392220925,1.20598523816789
43,0.5,-0.220978928158955,1.20598523816789
43,1,-0.195568177511607,1.20598523816789
43,1.5,-1.1763109844383,1.20598523816789
43,2,-2.75309893148896,1.20598523816789
43,2.5,-2.35855461075376,1.20598523816789
43,3,-3.68165333759677,1.20598523816789
43,3.5,-4.08836351620541,1.20598523816789
44,0,0.0591812959881248,0.28747936204685
45,0,0.903230189618265,0.0272393143311743
45,0.5,2.97488564606724,0.0272393143311743
46,0,-0.166656402457161,-0.638454365770953
46,0.5,-0.430546158549454,-0.638454365770953
46,1,-0.000306258900980072,-0.638454365770953
46,1.5,1.25331746617031,-0.638454365770953
46,2,-0.12419880006861,-0.638454365770953
46,2.5,0.520835884643508,-0.638454365770953
46,3,-0.0959955519056777,-0.638454365770953
46,3.5,-1.23303316050419,-0.638454365770953
46,4,-1.1978104239643,-0.638454365770953
47,0,-0.729079093595237,0.417236771351721
47,0.5,0.57703412218491,0.417236771351721
47,1,1.08663545770989,0.417236771351721
47,1.5,1.45690048504923,0.417236771351721
47,2,2.41423305894996,0.417236771351721
48,0,-1.38192713442692,-0.580426056640505
48,0.5,0.405229476845581,-0.580426056640505
48,1,-1.43404608595414,-0.580426056640505
48,1.5,-0.458575960545961,-0.580426056640505
48,2,-0.775027279580809,-0.580426056640505
48,2.5,-0.984621035139037,-0.580426056640505
48,3,-0.867452321623594,-0.580426056640505
48,3.5,-1.50127804315738,-0.580426056640505
48,4,-0.199885464377297,-0.580426056640505
49,0,0.52381022628093,-0.0864178942932182
50,0,3.26631678472998,2.17631034977278
51,0,-0.387057115159921,-0.721840238520584
51,0.5,1.13919366315211,-0.721840238520584
52,0,-0.531828632335702,-0.205427427648367
52,0.5,-0.138043930747354,-0.205427427648367
52,1,-1.29389505598812,-0.205427427648367
52,1.5,-1.30335532927068,-0.205427427648367
52,2,-0.655714463237958,-0.205427427648367
52,2.5,-0.685774385998455,-0.205427427648367
52,3,-0.440731646526182,-0.205427427648367
52,3.5,-0.836697166386103,-0.205427427648367
52,4,-1.95916782050424,-0.205427427648367
53,0,1.14777362881213,0.910250902022112
53,0.5,2.91483490131366,0.910250902022112
53,1,3.17448845000772,0.910250902022112
53,1.5,3.66362769275998,0.910250902022112
53,2,4.74073556364099,0.910250902022112
54,0,-1.29153173156986,-0.790078845964708
54,0.5,-1.33489767399658,-0.790078845964708
54,1,0.513562159880496,-0.790078845964708
54,1.5,0.762304725572032,-0.790078845964708
54,2,0.426943075901359,-0.790078845964708
54,2.5,0.118340744169651,-0.790078845964708
54,3,0.332245732978118,-0.790078845964708
54,3.5,1.45835538861953,-0.790078845964708
54,4,1.75196167485279,-0.790078845964708
55,0,-1.80822763176851,-0.274555739710091
55,0.5,-0.00833626384219299,-0.274555739710091
55,1,0.985530888394745,-0.274555739710091
56,0,0.382600007720733,0.0964944363148919
56,0.5,0.566063925756633,0.0964944363148919
56,1,0.0971381246084207,0.0964944363148919
56,1.5,1.09691813416135,0.0964944363148919
56,2,0.99250850792836,0.0964944363148919
56,2.5,1.39764770442066,0.0964944363148919
56,3,0.874555696438523,0.0964944363148919
56,3.5,1.48812043934693,0.0964944363148919
56,4,2.22450708181937,0.0964944363148919
57,0,1.60118969936293,2.17826021414203
58,0,-0.212082579058234,0.267605141594693
58,0.5,3.06009119021233,0.267605141594693
58,1,1.82891136293315,0.267605141594693
59,0,0.386469001865516,0.631241647290003
60,0,-1.54678169542028,-1.19346369040808
60,0.5,-1.03622682348279,-1.19346369040808
60,1,-2.06145522327217,-1.19346369040808
60,1.5,-0.99770949418851,-1.19346369040808
60,2,-1.92887802688182,-1.19346369040808
60,2.5,-1.96663618194233,-1.19346369040808
60,3,-2.44827252826598,-1.19346369040808
60,3.5,-3.11860302670853,-1.19346369040808
60,4,-2.27234540267336,-1.19346369040808
61,0,-0.405967651746942,-1.12897956249418
61,0.5,-0.756339530945021,-1.12897956249418
61,1,-1.89796517364045,-1.12897956249418
61,1.5,-1.82139400156839,-1.12897956249418
61,2,-1.7510980279905,-1.12897956249418
61,2.5,-2.31123635322893,-1.12897956249418
61,3,-2.50514827503845,-1.12897956249418
61,3.5,-2.03331911244094,-1.12897956249418
61,4,-4.09967281355245,-1.12897956249418
62,0,0.946213330586098,0.537396760737137
62,0.5,1.00936345367399,0.537396760737137
62,1,0.227080454115415,0.537396760737137
62,1.5,0.479252273688342,0.537396760737137
62,2,-0.36694076207453,0.537396760737137
62,2.5,-0.445213585965666,0.537396760737137
62,3,-0.10008620531071,0.537396760737137
62,3.5,-0.639353324358162,0.537396760737137
62,4,-0.617158033096596,0.537396760737137
63,0,0.878688314711178,-0.618681071245578
64,0,-0.169442202570848,0.516223439900103
64,0.5,0.803252655355105,0.516223439900103
65,0,1.35474145964559,1.35213764599375
65,0.5,1.67189018347405,1.35213764599375
66,0,-2.40492785616688,-1.45955476086303
66,0.5,-1.00753993906166,-1.45955476086303
66,1,-1.52300400691027,-1.45955476086303
66,1.5,-0.41799995317364,-1.45955476086303
66,2,-2.00156576850974,-1.45955476086303
66,2.5,0.0922201824539265,-1.45955476086303
66,3,1.84688055646701,-1.45955476086303
66,3.5,0.499337768292247,-1.45955476086303
66,4,-0.217038101150274,-1.45955476086303
67,0,-0.82437806176849,0.326968485270287
67,0.5,-0.926800094806197,0.326968485270287
67,1,-2.05008464264542,0.326968485270287
67,1.5,-2.65683271756598,0.326968485270287
67,2,-2.39850149235517,0.326968485270287
67,2.5,-4.40239104966073,0.326968485270287
67,3,-5.2218616435737,0.326968485270287
68,0,-0.116899605306975,0.306623031819038
69,0,3.00283532863194,1.57607427645047
70,0,-2.54150615706216,-2.64687971255761
70,0.5,-3.52579696853526,-2.64687971255761
70,1,-2.88328881749979,-2.64687971255761
70,1.5,-1.0187277494018,-2.64687971255761
70,2,-1.20210500675729,-2.64687971255761
70,2.5,-1.20141816975798,-2.64687971255761
70,3,-0.240211327812536,-2.64687971255761
70,3.5,-0.449965181268255,-2.64687971255761
70,4,1.01267208511021,-2.64687971255761
71,0,-0.0266843681739762,0.909746872821091
72,0,0.316738913967615,0.604904054500134
72,0.5,0.00146268281009332,0.604904054500134
72,1,1.58286063302621,0.604904054500134
72,1.5,3.26411459711222,0.604904054500134
73,0,1.77245295456111,0.190780439063457
74,0,0.841789828766517,0.881556383309913
74,0.5,2.5555654393213,0.881556383309913
75,0,-0.215654568352837,-0.433268380156009
75,0.5,0.0857171902997172,-0.433268380156009
75,1,-1.08666772301568,-0.433268380156009
75,1.5,-0.469954836974773,-0.433268380156009
75,2,-0.210152990012001,-0.433268380156009
75,2.5,-0.585854192541523,-0.433268380156009
75,3,-1.51538339749535,-0.433268380156009
75,3.5,-1.06382066267381,-0.433268380156009
75,4,-1.27058608706131,-0.433268380156009
76,0,-2.06520614498617,-1.45104327463886
77,0,-0.891425264888772,0.0955735996614039
77,0.5,-0.0178685239902927,0.0955735996614039
78,0,1.5827052027079,0.580691851558743
78,0.5,1.59447906973168,0.580691851558743
78,1,0.719758018597596,0.580691851558743
78,1.5,1.33677138145709,0.580691851558743
78,2,0.660242803398439,0.580691851558743
78,2.5,2.04023606103294,0.580691851558743
78,3,1.64435822527727,0.580691851558743
78,3.5,1.60871613627843,0.580691851558743
78,4,1.43784208485587,0.580691851558743
79,0,0.188601471134368,-0.0610835441891391
80,0,-1.3052307358487,-1.09470084655047
80,0.5,-1.41721343032167,-1.09470084655047
80,1,-0.0800978834570818,-1.09470084655047
80,1.5,-0.311170342515289,-1.09470084655047
80,2,-0.0141205551371849,-1.09470084655047
80,2.5,0.627927664369968,-1.09470084655047
80,3,0.290004132145726,-1.09470084655047
80,3.5,2.1776861058072,-1.09470084655047
80,4,1.30243150439924,-1.09470084655047
81,0,-3.02074861796499,-2.0278400283265
81,0.5,-2.72685571591175,-2.0278400283265
81,1,-2.49087722731304,-2.0278400283265
81,1.5,-0.835275029333797,-2.0278400283265
81,2,-0.449563921635807,-2.0278400283265
81,2.5,1.35627036452358,-2.0278400283265
82,0,-0.944634715121504,-0.733365385115263
82,0.5,-0.885599486238437,-0.733365385115263
82,1,0.930859654850476,-0.733365385115263
82,1.5,0.42206382607534,-0.733365385115263
82,2,1.45708422500814,-0.733365385115263
82,2.5,1.09785156535222,-0.733365385115263
82,3,2.54828528848526,-0.733365385115263
82,3.5,3.28341640795723,-0.733365385115263
82,4,4.54808121930303,-0.733365385115263
83,0,-0.320264920081893,-0.823796259600672
83,0.5,1.49892373025603,-0.823796259600672
84,0,-0.490257846713524,-0.0255207550239757
84,0.5,0.601270046411195,-0.0255207550239757
85,0,0.679815706519851,0.783842257102973
85,0.5,0.745272586064385,0.783842257102973
85,1,2.07220105607341,0.783842257102973
85,1.5,3.26578294887764,0.783842257102973
85,2,2.51042661693222,0.783842257102973
86,0,0.31150763700782,-0.127563914109138
86,0.5,0.910638427958603,-0.127563914109138
86,1,1.19922736196761,-0.127563914109138
87,0,2.75410444755342,1.34735284949115
88,0,1.06216531216834,-0.162963818708519
89,0,0.203546984825667,0.390986797095768
89,0.5,1.20403998767451,0.390986797095768
89,1,1.58247566467325,0.390986797095768
89,1.5,2.33901636746063,0.390986797095768
89,2,2.69317860191446,0.390986797095768
89,2.5,3.18216039695147,0.390986797095768
89,3,3.90212628528623,0.390986797095768
89,3.5,4.38569232574907,0.390986797095768
89,4,4.94777484531925,0.390986797095768
90,0,0.464685773774211,-0.594308899991085
90,0.5,0.153112087560257,-0.594308899991085
90,1,0.146401794858549,-0.594308899991085
90,1.5,-0.191237222200762,-0.594308899991085
90,2,1.15293972320425,-0.594308899991085
90,2.5,0.201248303676047,-0.594308899991085
90,3,-0.6971402889695,-0.594308899991085
90,3.5,0.791850074166954,-0.594308899991085
90,4,0.19235168097282,-0.594308899991085
91,0,1.63712537755747,1.14834165224157
92,0,1.28360822669718,0.601330024825172
93,0,0.944680054935843,0.378777797878797
93,0.5,1.22976323173115,0.378777797878797
93,1,2.11493651172234,0.378777797878797
94,0,1.4632842230791,0.438459543464748
95,0,-0.600146975584004,-0.750121212111024
96,0,1.20928998612345,-0.259169250080827
97,0,0.146338848388034,0.42389102014132
98,0,1.36948211147318,0.763562818207281
98,0.5,1.39262502921447,0.763562818207281
98,1,1.8216523766886,0.763562818207281
98,1.5,1.68355174267266,0.763562818207281
98,2,2.25763648618404,0.763562818207281
98,2.5,3.11700013620198,0.763562818207281
98,3,2.30321983029632,0.763562818207281
98,3.5,3.19205749300111,0.763562818207281
98,4,2.57678742475174,0.763562818207281
99,0,0.660225571801454,-0.18535804403571
99,0.5,0.372099895558082,-0.18535804403571
99,1,0.563132584349285,-0.18535804403571
99,1.5,1.88098429417583,-0.18535804403571
99,2,1.75174084698177,-0.18535804403571
99,2.5,2.64736297026659,-0.18535804403571
99,3,1.41187391566325,-0.18535804403571
99,3.5,3.22126613315251,-0.18535804403571
99,4,3.26441799195453,-0.18535804403571
100,0,-0.7185557216497,-0.851022409779544
100,0.5,-0.140768174992786,-0.851022409779544
101,0,1.43068611969188,0.528626848845921
101,0.5,1.36744269257256,0.528626848845921
102,0,-0.425798139191793,-0.138687539952238
102,0.5,-0.30254917662886,-0.138687539952238
103,0,-0.0962445662468521,0.832553674487316
103,0.5,1.05473012515402,0.832553674487316
103,1,2.02729042797644,0.832553674487316
103,1.5,2.57624025553802,0.832553674487316
103,2,3.13388997492826,0.832553674487316
104,0,-0.168127686421934,0.283497108206163
104,0.5,0.408523621191889,0.283497108206163
105,0,1.4133148274155,-0.277451684730095
105,0.5,1.4212473285198,-0.277451684730095
105,1,0.398428534565977,-0.277451684730095
105,1.5,0.336563361582048,-0.277451684730095
105,2,1.06666034407968,-0.277451684730095
105,2.5,0.701829771266738,-0.277451684730095
105,3,1.02839357240337,-0.277451684730095
105,3.5,0.834172140610848,-0.277451684730095
105,4,0.778360230302183,-0.277451684730095
106,0,-0.690284594242034,-0.402291796985675
106,0.5,-0.946028146110222,-0.402291796985675
106,1,1.10248441189539,-0.402291796985675
106,1.5,0.955281175079442,-0.402291796985675
106,2,1.23696883307956,-0.402291796985675
106,2.5,2.56674443162351,-0.402291796985675
106,3,3.80572257137996,-0.402291796985675
106,3.5,3.1100197885821,-0.402291796985675
106,4,3.3091303224887,-0.402291796985675
107,0,-1.17156336307399,-0.520910008956618
107,0.5,-0.327297179373781,-0.520910008956618
107,1,-0.450095945231035,-0.520910008956618
107,1.5,-0.88469268912741,-0.520910008956618
107,2,-0.0734274761544925,-0.520910008956618
107,2.5,0.280840731339021,-0.520910008956618
107,3,-0.847867704049042,-0.520910008956618
107,3.5,0.307255925823189,-0.520910008956618
107,4,0.750596831091414,-0.520910008956618
108,0,0.0563493266268141,0.0562354389043087
108,0.5,1.04689538815888,0.0562354389043087
108,1,1.28205132866005,0.0562354389043087
109,0,-2.76273448875129,-1.5479940168248
109,0.5,-0.589563548236938,-1.5479940168248
109,1,-1.61916608075168,-1.5479940168248
109,1.5,0.955750915938336,-1.5479940168248
110,0,0.923585577437936,-0.098950168713973
110,0.5,1.26981845684991,-0.098950168713973
111,0,1.02830014143394,0.343125714572713
111,0.5,2.28992105256931,0.343125714572713
111,1,2.79135483183871,0.343125714572713
111,1.5,3.0864800165855,0.343125714572713
112,0,1.68450163105062,1.8167969979491
112,0.5,2.43084928490348,1.8167969979491
112,1,0.860213902464536,1.8167969979491
112,1.5,0.387867609871536,1.8167969979491
112,2,0.79003597695103,1.8167969979491
112,2.5,-0.711528138967054,1.8167969979491
112,3,-1.49637382457684,1.8167969979491
112,3.5,-1.55783444964139,1.8167969979491
113,0,0.867627331653744,0.2186278667905
113,0.5,-0.756367708297661,0.2186278667905
114,0,-2.27931121669248,-2.93876480756736
114,0.5,-2.21990522969253,-2.93876480756736
114,1,-1.03580554057046,-2.93876480756736
114,1.5,-1.13725114957121,-2.93876480756736
114,2,-1.96731398372301,-2.93876480756736
114,2.5,-1.70809578843948,-2.93876480756736
114,3,-1.70176560715012,-2.93876480756736
114,3.5,-2.04397286023103,-2.93876480756736
114,4,-1.30455871974838,-2.93876480756736
115,0,0.323020573043963,1.09368025625678
116,0,-0.264622114868571,-0.112064569781573
116,0.5,-0.953064153251757,-0.112064569781573
116,1,-1.17610685689587,-0.112064569781573
116,1.5,-0.587102694130706,-0.112064569781573
116,2,-1.04361816364806,-0.112064569781573
116,2.5,-0.682463042142108,-0.112064569781573
116,3,-1.40393585713834,-0.112064569781573
116,3.5,-1.41935585091594,-0.112064569781573
116,4,-2.31077437628532,-0.112064569781573
117,0,1.84926379479273,0.908992397264279
117,0.5,1.4802879358654,0.908992397264279
117,1,1.99302357097382,0.908992397264279
117,1.5,2.10394332841109,0.908992397264279
117,2,2.07067999603652,0.908992397264279
117,2.5,2.81047139448457,0.908992397264279
117,3,1.84034547061937,0.908992397264279
117,3.5,3.07266981873182,0.908992397264279
117,4,2.48559205239049,0.908992397264279
118,0,-1.54938342689008,-1.25214320407459
118,0.5,-1.35458531195907,-1.25214320407459
118,1,-2.22752728424192,-1.25214320407459
118,1.5,-2.00529637975487,-1.25214320407459
118,2,-2.1568012072545,-1.25214320407459
118,2.5,-2.76843099809587,-1.25214320407459
118,3,-3.91894319891707,-1.25214320407459
118,3.5,-4.3029547148986,-1.25214320407459
118,4,-4.59077328128349,-1.25214320407459
119,0,-0.295200586658237,-1.82252391905357
119,0.5,-0.399353332359249,-1.82252391905357
119,1,0.271626288644087,-1.82252391905357
120,0,2.08108946982582,2.12319439487321
120,0.5,3.38325170552004,2.12319439487321
120,0.999999999999833,4.16090206446464,2.12319439487321
121,0,0.89440701001628,0.0227116723409774
122,0,1.40264362194249,0.292758535301367
122,0.5,2.54389863037766,0.292758535301367
123,0,-1.03440373945857,0.226468913771126
123,0.5,-0.583147878281635,0.226468913771126
123,1,-0.495018223863611,0.226468913771126
123,1.5,1.07397506949866,0.226468913771126
123,2,-0.190919870730988,0.226468913771126
123,2.5,1.03383716370898,0.226468913771126
123,3,0.00753215569147436,0.226468913771126
123,3.5,0.886294350242053,0.226468913771126
123,4,0.74910110007342,0.226468913771126
124,0,-0.227133267584975,-0.250703888173022
124,0.5,0.204270817159474,-0.250703888173022
124,1,1.25311906757713,-0.250703888173022
124,1.5,1.48451165175945,-0.250703888173022
124,2,1.96988816183352,-0.250703888173022
125,0,2.16893565157752,1.74114047892823
126,0,-0.431234105801527,-0.516628953052257
126,0.5,-0.546075883320082,-0.516628953052257
127,0,-0.96685287298732,-0.383372504859979
127,0.5,-0.427031160902448,-0.383372504859979
127,1,2.04255044493812,-0.383372504859979
128,0,-0.410164087732707,-0.189156866549342
128,0.5,1.20336879136028,-0.189156866549342
129,0,0.841801321687273,0.779223239124324
129,0.5,1.31679239189521,0.779223239124324
129,1,1.79835556479301,0.779223239124324
129,1.5,1.43464685439263,0.779223239124324
129,2,2.19222278628465,0.779223239124324
129,2.5,2.51595164066006,0.779223239124324
129,3,2.94582625630904,0.779223239124324
129,3.5,3.35867029184671,0.779223239124324
129,4,3.92627575582859,0.779223239124324
130,0,0.0177372611916149,-0.703886944720631
130,0.5,-0.129414580402826,-0.703886944720631
130,1,1.37323328395124,-0.703886944720631
131,0,-1.42823838286564,-2.23518329779152
131,0.5,-1.06260248272942,-2.23518329779152
131,1,-1.39029111073705,-2.23518329779152
131,1.5,-0.436090372774089,-2.23518329779152
131,2,-1.90052607650676,-2.23518329779152
131,2.5,-1.29734418600435,-2.23518329779152
131,3,-1.71030655591796,-2.23518329779152
131,3.5,-0.851911944328057,-2.23518329779152
131,4,-0.0237712147095053,-2.23518329779152
132,0,-1.5929748651232,-0.495927856672392
133,0,0.605623895846718,1.23190878346047
133,0.5,2.38595680345945,1.23190878346047
134,0,0.705591672260924,1.23176920124327
134,0.5,2.72975688125377,1.23176920124327
134,0.999999999996836,3.81259796613246,1.23176920124327
135,0,-0.283072403796366,-1.03079985042885
136,0,1.93959037467072,0.757695077511241
136,0.5,2.17549245531322,0.757695077511241
136,1,3.19361125134111,0.757695077511241
136,1.5,2.54961525533012,0.757695077511241
136,2,3.30925513991481,0.757695077511241
136,2.5,3.68016027642562,0.757695077511241
136,3,3.82552693534609,0.757695077511241
136,3.5,4.33535842706498,0.757695077511241
136,4,4.51742574075719,0.757695077511241
137,0,2.34688858006637,1.27374054135669
138,0,1.00689448804687,0.302519038307492
139,0,1.90752228471306,2.19667351034466
139,0.5,3.84197533178321,2.19667351034466
139,0.999999999971523,4.44373879407196,2.19667351034466
140,0,-0.193681204553953,-1.47355198200052
140,0.5,0.0349360133227728,-1.47355198200052
140,1,0.581119418541067,-1.47355198200052
140,1.5,1.0834841673107,-1.47355198200052
140,2,1.20338881656692,-1.47355198200052
140,2.5,1.74387106603417,-1.47355198200052
140,3,2.97580618148591,-1.47355198200052
140,3.5,4.17383056365476,-1.47355198200052
140,4,4.35058786516362,-1.47355198200052
141,0,-0.767532069185518,-0.280358452990654
141,0.5,-0.476955880927856,-0.280358452990654
141,1,-1.14998367125585,-0.280358452990654
141,1.5,0.336485719417779,-0.280358452990654
141,2,-0.577915034069844,-0.280358452990654
141,2.5,-0.807051392032515,-0.280358452990654
141,3,-0.134133227723919,-0.280358452990654
141,3.5,-0.460272061052099,-0.280358452990654
141,4,-0.110606092423269,-0.280358452990654
142,0,0.120813738188577,-0.688469641118366
142,0.5,0.609127656685734,-0.688469641118366
142,1,2.21062775070261,-0.688469641118366
142,1.5,2.67891497238391,-0.688469641118366
143,0,-0.756526661105333,-0.238504441282366
143,0.5,-0.432561909967002,-0.238504441282366
144,0,-1.58363432989016,-0.608574402479815
144,0.5,-0.774069432087949,-0.608574402479815
144,1,-1.30025147416294,-0.608574402479815
144,1.5,-1.58920153171506,-0.608574402479815
144,2,-2.81604970773895,-0.608574402479815
144,2.5,-3.81426135493548,-0.608574402479815
144,3,-3.99169116000219,-0.608574402479815
144,3.5,-4.46524696152736,-0.608574402479815
144,4,-5.40938152449893,-0.608574402479815
145,0,-1.073008457169,-0.70386347827035
145,0.5,-1.36166033404035,-0.70386347827035
145,1,-1.7198209517387,-0.70386347827035
145,1.5,-2.07633437390018,-0.70386347827035
145,2,-3.05205957826965,-0.70386347827035
145,2.5,-3.79197434046625,-0.70386347827035
145,3,-5.1632730901839,-0.70386347827035
146,0,-1.2389373544832,-1.1181304069431
146,0.5,-0.738538176168406,-1.1181304069431
146,1,0.563414838156272,-1.1181304069431
146,1.5,-0.26088838696312,-1.1181304069431
146,2,0.312088343035565,-1.1181304069431
146,2.5,0.203726678761674,-1.1181304069431
146,3,1.92913888175399,-1.1181304069431
146,3.5,2.59090859548869,-1.1181304069431
146,4,2.99426380227843,-1.1181304069431
147,0,2.95437115813716,2.19308681194653
147,0.5,3.46019859583427,2.19308681194653
148,0,-1.4464687394356,-1.78224980615274
148,0.5,-1.22437717006929,-1.78224980615274
148,1,-2.56409635099539,-1.78224980615274
148,1.5,-2.26609759054955,-1.78224980615274
148,2,-2.80660593281816,-1.78224980615274
148,2.5,-2.50440649220303,-1.78224980615274
148,3,-3.80404665150501,-1.78224980615274
148,3.5,-3.7907419581005,-1.78224980615274
148,4,-3.9526412945118,-1.78224980615274
149,0,0.64893838125206,-0.2165404157006
149,0.5,1.51214036101847,-0.2165404157006
150,0,2.27375156985289,0.986796609021343
151,0,-1.38095342820289,0.281223921124205
151,0.5,0.0865759569878619,0.281223921124205
152,0,-0.811521603625579,-0.587742989498904
153,0,0.921744919318556,1.06681064902448
154,0,-1.56211592146114,-2.34116815044179
154,0.5,-1.35791511230467,-2.34116815044179
154,1,-2.08925037831105,-2.34116815044179
154,1.5,-1.28639403129087,-2.34116815044179
154,2,-0.892227514956099,-2.34116815044179
154,2.5,-2.2258683716083,-2.34116815044179
154,3,-0.996628050308804,-2.34116815044179
154,3.5,-1.26838783655806,-2.34116815044179
154,4,-0.951051886197197,-2.34116815044179
155,0,-0.916381592796876,0.396110905951388
155,0.5,-0.158812892160166,0.396110905951388
155,1,0.940121982010001,0.396110905951388
156,0,-2.11855582710884,-1.94514210770893
156,0.5,-1.17505064022574,-1.94514210770893
156,1,-1.51991440874344,-1.94514210770893
156,1.5,-1.41747689389178,-1.94514210770893
156,2,-0.871694698855765,-1.94514210770893
156,2.5,-1.45436090295241,-1.94514210770893
156,3,-1.35353928527047,-1.94514210770893
156,3.5,-1.07112488170912,-1.94514210770893
156,4,-1.28638313280225,-1.94514210770893
157,0,0.770678876446696,0.987856602027925
157,0.5,0.6901761362101,0.987856602027925
158,0,1.83415348976996,0.810162432443673
159,0,0.286624463852281,0.630265866738937
159,0.5,-0.126532554014087,0.630265866738937
160,0,-0.602022924180227,-0.20153432865761
160,0.5,-0.196804497989867,-0.20153432865761
160,1,-0.627852243845177,-0.20153432865761
160,1.5,0.60478237431276,-0.20153432865761
160,2,0.119935612299144,-0.20153432865761
160,2.5,1.33509966750861,-0.20153432865761
160,3,1.63376109428354,-0.20153432865761
160,3.5,0.98539480780559,-0.20153432865761
160,4,0.701499346679248,-0.20153432865761
161,0,0.120749981352796,0.4623960505079
161,0.5,0.546420767872654,0.4623960505079
162,0,-0.0362408082007915,0.60028408459663
162,0.5,0.818954432085733,0.60028408459663
163,0,2.12307630005216,1.4697079662731
164,0,0.26287184810387,-1.8484243381309
164,0.5,1.12906536185981,-1.8484243381309
164,1,1.19067252767809,-1.8484243381309
165,0,0.761495813587522,0.247143234273969
166,0,-1.20039719322047,-0.686802454941267
166,0.5,-1.57789538151086,-0.686802454941267
166,1,-1.56896336279291,-0.686802454941267
166,1.5,-2.78608585495742,-0.686802454941267
166,2,-2.70246786496381,-0.686802454941267
166,2.5,-3.23748812044486,-0.686802454941267
166,3,-2.05608125347307,-0.686802454941267
166,3.5,-2.2550552976,-0.686802454941267
166,4,-2.39803841947561,-0.686802454941267
167,0,0.076091541941917,0.932833817372356
168,0,0.0426220259015987,-1.2357659237326
168,0.5,-0.528975178163241,-1.2357659237326
168,1,1.24035875788332,-1.2357659237326
168,1.5,1.51158380415565,-1.2357659237326
168,2,1.79951325867256,-1.2357659237326
168,2.5,2.60550082522102,-1.2357659237326
168,3,4.15606740008689,-1.2357659237326
169,0,0.884247592118515,1.17228885547835
169,0.5,0.723068954687635,1.17228885547835
169,1,1.52277600123647,1.17228885547835
169,1.5,0.463065833838619,1.17228885547835
169,2,-0.157647932952236,1.17228885547835
169,2.5,-0.797781852602438,1.17228885547835
169,3,0.460928329048364,1.17228885547835
169,3.5,0.0323965197279137,1.17228885547835
169,4,-1.30174877829332,1.17228885547835
170,0,0.752756160780351,0.302449024839391
171,0,1.61089763204929,0.619802494991352
171,0.5,2.02969084519197,0.619802494991352
171,1,2.2506437656493,0.619802494991352
171,1.5,2.00377845104306,0.619802494991352
171,2,3.2830771016253,0.619802494991352
171,2.5,3.91563980205682,0.619802494991352
171,3,3.7284295127371,0.619802494991352
171,3.5,4.4269708741766,0.619802494991352
171,4,3.10996875854177,0.619802494991352
172,0,0.0331742532793778,0.542657183135736
173,0,-0.537329162095069,-0.268144780053391
173,0.5,0.563287056994789,-0.268144780053391
173,1,1.06345661196505,-0.268144780053391
173,1.5,2.61514082899879,-0.268144780053391
174,0,3.33884807128631,1.98483485249522
175,0,-0.0936908332133531,-0.405360627470569
176,0,-0.81530200530856,-1.23860065153238
176,0.5,-1.56384325342777,-1.23860065153238
176,1,0.178153880762112,-1.23860065153238
176,1.5,0.11347497879823,-1.23860065153238
177,0,1.61533197054015,0.0877646492505631
177,0.5,1.02620906439855,0.0877646492505631
177,1,0.182189897106336,0.0877646492505631
177,1.5,0.158677341318131,0.0877646492505631
177,2,-1.80338631448218,0.0877646492505631
177,2.5,-1.41823769731727,0.0877646492505631
177,3,-1.65705007654803,0.0877646492505631
177,3.5,-2.7524356848372,0.0877646492505631
177,4,-4.06023320351718,0.0877646492505631
178,0,0.0572628978272937,0.141806993227466
178,0.5,0.924541405400375,0.141806993227466
178,1,1.59762180307826,0.141806993227466
178,1.5,2.11658182467194,0.141806993227466
179,0,-2.14656120727042,-1.9049750083298
179,0.5,-1.72942871894903,-1.9049750083298
179,1,-0.736508547047922,-1.9049750083298
179,1.5,0.0374694913328098,-1.9049750083298
179,2,0.776658868838241,-1.9049750083298
179,2.5,0.741404988921606,-1.9049750083298
179,3,2.15313941407433,-1.9049750083298
179,3.5,3.43955499794234,-1.9049750083298
180,0,-0.703060461139497,-0.660036009305006
180,0.5,-0.171191241237366,-0.660036009305006
180,1,-0.158779300044179,-0.660036009305006
180,1.5,0.827787306518385,-0.660036009305006
180,2,1.58243124833627,-0.660036009305006
180,2.5,1.46375115538588,-0.660036009305006
180,3,1.88706119162549,-0.660036009305006
180,3.5,2.04173890713815,-0.660036009305006
180,4,3.29775885398617,-0.660036009305006
181,0,2.0928992350275,1.0107834949465
181,0.5,3.14749626085675,1.0107834949465
181,1,3.24834238594781,1.0107834949465
181,1.5,3.66821491164944,1.0107834949465
181,2,4.30858999652345,1.0107834949465
182,0,1.34775378884945,0.113148341855993
183,0,-0.367817879229932,-0.83038808187531
184,0,0.151211769213537,-0.194971912347957
184,0.5,0.0411155560957687,-0.194971912347957
184,1,-0.157201663392935,-0.194971912347957
184,1.5,-0.390267984662458,-0.194971912347957
184,2,-1.014664378773,-0.194971912347957
184,2.5,-1.23420380272299,-0.194971912347957
184,3,-1.36085853516105,-0.194971912347957
184,3.5,-2.0514324989949,-0.194971912347957
184,4,-1.95657483496529,-0.194971912347957
185,0,-0.779359600709559,-0.299671671921677
185,0.5,-0.629202365652724,-0.299671671921677
185,1,1.04957717109912,-0.299671671921677
186,0,2.51822917671484,2.95563031048045
186,0.5,3.92892034494312,2.95563031048045
187,0,0.286388571789027,0.729186509564658
188,0,1.08804892976085,1.06730233895187
188,0.5,2.06980430357448,1.06730233895187
188,1,3.1126488537028,1.06730233895187
189,0,-2.00275493665482,-1.25847954733128
189,0.5,-1.51906410009958,-1.25847954733128
189,1,-2.45899682997368,-1.25847954733128
189,1.5,-1.02872230083553,-1.25847954733128
189,2,-0.399860516137453,-1.25847954733128
189,2.5,-0.0402332355862207,-1.25847954733128
189,3,0.394180144732937,-1.25847954733128
189,3.5,0.0640321330808891,-1.25847954733128
189,4,0.147825363180751,-1.25847954733128
190,0,0.741534682449095,0.830472821780833
190,0.5,1.83439813210496,0.830472821780833
190,1,1.07957530574114,0.830472821780833
191,0,2.5202824677433,2.07747396165499
192,0,-0.292792960246414,-0.444954979489988
193,0,0.83906132085375,1.2504516195043
193,0.5,2.51590464414615,1.2504516195043
193,1,3.61039667898992,1.2504516195043
194,0,1.32809517929229,1.15523762740503
194,0.5,1.07467635627284,1.15523762740503
194,1,1.65765109628132,1.15523762740503
194,1.5,1.13904783161075,1.15523762740503
194,2,0.487889832554904,1.15523762740503
194,2.5,0.136309006139382,1.15523762740503
194,3,1.00278507747579,1.15523762740503
194,3.5,0.0554837232241772,1.15523762740503
194,4,-0.343525777792817,1.15523762740503
195,0,-1.32174487229195,-0.0970116838537969
195,0.5,0.0872747445014398,-0.0970116838537969
195,1,0.385292787121213,-0.0970116838537969
195,1.5,1.36087561176497,-0.0970116838537969
195,2,2.53139577633556,-0.0970116838537969
196,0,2.42556237011292,1.45421047792061
196,0.5,3.64088498233617,1.45421047792061
197,0,-1.12598163861385,0.615284430454604
197,0.5,-0.342383756512775,0.615284430454604
197,1,0.554226282300271,0.615284430454604
197,1.5,0.520822851955102,0.615284430454604
197,2,1.11851840139979,0.615284430454604
197,2.5,2.22304873442492,0.615284430454604
197,3,2.77948068746381,0.615284430454604
197,3.5,2.99281255134506,0.615284430454604
197,4,3.42149402203826,0.615284430454604
198,0,0.239365571010622,0.439529464637055
199,0,1.56546826998173,-0.0679346387809048
199,0.5,1.43708060505913,-0.0679346387809048
199,1,1.71714422754968,-0.0679346387809048
199,1.5,1.71525965305793,-0.0679346387809048
199,2,2.51771534552677,-0.0679346387809048
199,2.5,3.65666441613569,-0.0679346387809048
199,3,3.37495881954742,-0.0679346387809048
199,3.5,4.32433273212341,-0.0679346387809048
199,4,4.03013304156156,-0.0679346387809048
200,0,-2.59006693838048,-2.88047774110652
200,0.5,-2.29523783103409,-2.88047774110652
200,1,-2.93062661351599,-2.88047774110652
200,1.5,-2.09139195810107,-2.88047774110652
200,2,-1.44175902129769,-2.88047774110652
200,2.5,-1.34400078247714,-2.88047774110652
200,3,-1.47512816793798,-2.88047774110652
200,3.5,-0.60269357911664,-2.88047774110652
200,4,-1.00638777024216,-2.88047774110652
201,0,-0.375924430691832,0.218105881924666
202,0,0.471567900369457,-0.526677466062377
202,0.5,1.88415322048617,-0.526677466062377
202,1,1.95891782076777,-0.526677466062377
203,0,0.412678886647363,0.0452522780222257
203,0.5,1.2522412114362,0.0452522780222257
204,0,-2.10236070143459,-0.819948322707856
204,0.5,-1.79633787081791,-0.819948322707856
204,1,-1.67394888106622,-0.819948322707856
204,1.5,-1.03233215439805,-0.819948322707856
204,2,0.100424431299226,-0.819948322707856
204,2.5,-0.454366377513072,-0.819948322707856
204,3,0.473000795389519,-0.819948322707856
204,3.5,0.151551081477638,-0.819948322707856
204,4,0.8688673022681,-0.819948322707856
205,0,1.93218524922479,1.94905801987205
206,0,0.618258720970639,0.189796058527737
206,0.5,2.36718585198988,0.189796058527737
207,0,0.51638430107094,0.454883653489594
207,0.5,-2.00324664824596,0.454883653489594
207,1,-1.28634712575089,0.454883653489594
207,1.5,-2.45796660443361,0.454883653489594
207,2,-4.39061030852909,0.454883653489594
207,2.5,-5.31877346841154,0.454883653489594
208,0,-0.0162433177068927,-0.176798571000417
208,0.5,0.0963423996255775,-0.176798571000417
209,0,-1.12265011499865,-0.2673847184663
210,0,-1.33592713120093,-1.11006518542011
210,0.5,-1.17528526902698,-1.11006518542011
210,1,-0.906883639127694,-1.11006518542011
210,1.5,-0.487816366337058,-1.11006518542011
210,2,-1.10181203531716,-1.11006518542011
210,2.5,-0.989652107738248,-1.11006518542011
210,3,-0.423044313861579,-1.11006518542011
210,3.5,-0.51201766431193,-1.11006518542011
210,4,-0.547042285225752,-1.11006518542011
211,0,-0.139333449383836,0.0588112527480659
211,0.5,-0.0489278782936105,0.0588112527480659
211,1,-0.281708890494329,0.0588112527480659
211,1.5,0.28238718605645,0.0588112527480659
211,2,0.602087381693955,0.0588112527480659
211,2.5,0.770204949598425,0.0588112527480659
211,3,1.62680694797219,0.0588112527480659
211,3.5,1.8308711367253,0.0588112527480659
211,4,2.91989456893455,0.0588112527480659
212,0,-1.72029056785819,-0.553638894396091
212,0.5,-0.55973591529889,-0.553638894396091
213,0,-0.539925326555626,0.590951635657312
213,0.5,-0.496477365066138,0.590951635657312
213,1,0.0859924051926819,0.590951635657312
213,1.5,0.684429309723747,0.590951635657312
213,2,0.355218525549372,0.590951635657312
213,2.5,-0.290003905755335,0.590951635657312
213,3,0.433995990175948,0.590951635657312
213,3.5,0.868233649699476,0.590951635657312
213,4,-0.172215757066857,0.590951635657312
214,0,-0.320985387646712,0.416408257840398
214,0.5,0.0437944310690095,0.416408257840398
215,0,0.804891637121348,0.978354377236763
216,0,0.850858714435426,-0.136978982863402
216,0.5,1.13449893435692,-0.136978982863402
216,1,3.01436197400816,-0.136978982863402
216,1.5,3.32348941276749,-0.136978982863402
217,0,0.268173739227668,-0.0382214243858539
218,0,0.55358416366445,0.702887158891413
218,0.5,0.580740667425099,0.702887158891413
218,1,1.69165872983672,0.702887158891413
218,1.5,2.02056126220998,0.702887158891413
219,0,0.828247245316,1.2606848335764
219,0.5,1.02669295978322,1.2606848335764
219,1,1.86100715045692,1.2606848335764
219,1.5,1.19049866455137,1.2606848335764
219,2,1.78865295846432,1.2606848335764
219,2.5,0.966397648671813,1.2606848335764
219,3,1.75308629968841,1.2606848335764
219,3.5,1.38842951286517,1.2606848335764
219,4,1.40732965191336,1.2606848335764
220,0,1.36550268333724,0.588022804030379
221,0,-1.34563563437183,-0.531924902208937
221,0.5,-0.670018056049784,-0.531924902208937
221,1,-1.11223756617932,-0.531924902208937
221,1.5,-0.502372414717111,-0.531924902208937
221,2,-1.06481948177936,-0.531924902208937
221,2.5,-0.924115610869557,-0.531924902208937
221,3,-0.357827546866426,-0.531924902208937
221,3.5,-0.852898290994249,-0.531924902208937
221,4,-0.0308218949633105,-0.531924902208937
222,0,-0.732387232863612,-1.099149177526
222,0.5,-0.534538615814264,-1.099149177526
222,1,-0.307545971504126,-1.099149177526
222,1.5,0.611922779589406,-1.099149177526
222,2,1.14379077581649,-1.099149177526
222,2.5,2.86333487428566,-1.099149177526
222,3,2.36762490493675,-1.099149177526
222,3.5,2.01999396249325,-1.099149177526
222,4,4.39111271150301,-1.099149177526
223,0,-0.261827133651032,-0.913732343138372
223,0.5,-0.0699678206420974,-0.913732343138372
223,1,-0.440774019178815,-0.913732343138372
223,1.5,0.707812632994559,-0.913732343138372
223,2,0.382853790614041,-0.913732343138372
223,2.5,-0.219782245024941,-0.913732343138372
223,3,-0.441259377756897,-0.913732343138372
223,3.5,-0.140132448732841,-0.913732343138372
223,4,-0.385798372658214,-0.913732343138372
224,0,1.12461354711192,-0.321672538438917
224,0.5,1.64918206166027,-0.321672538438917
224,1,1.97725245316596,-0.321672538438917
225,0,-0.790308626048669,-0.190408472258533
225,0.5,-0.610074342411628,-0.190408472258533
225,1,-0.486781249604636,-0.190408472258533
225,1.5,-0.821613414242297,-0.190408472258533
225,2,0.209246101041197,-0.190408472258533
225,2.5,-0.162313543859892,-0.190408472258533
225,3,-0.745848983283829,-0.190408472258533
225,3.5,0.134237427764463,-0.190408472258533
225,4,-0.213764884753917,-0.190408472258533
226,0,-0.901514861638978,-1.57949822508885
226,0.5,-0.892235702205745,-1.57949822508885
226,1,-1.32346742181309,-1.57949822508885
226,1.5,-0.817311158862463,-1.57949822508885
226,2,-0.434282984853099,-1.57949822508885
226,2.5,-0.966239419676308,-1.57949822508885
226,3,-0.127319284238801,-1.57949822508885
226,3.5,-0.74431570480039,-1.57949822508885
226,4,0.599680750998266,-1.57949822508885
227,0,1.59416524130079,1.0352881885421
227,0.5,2.83052216464845,1.0352881885421
228,0,1.32379068426211,2.81203440453655
228,0.5,1.42708851312846,2.81203440453655
228,1,1.25354430499454,2.81203440453655
228,1.5,1.83289964928358,2.81203440453655
228,2,0.640548920162158,2.81203440453655
228,2.5,-0.320442413554798,2.81203440453655
228,3,-0.0544747902854243,2.81203440453655
228,3.5,0.141362277716936,2.81203440453655
228,4,-0.356188070951231,2.81203440453655
229,0,0.868946221350298,0.351624139765027
229,0.5,-0.648905313199092,0.351624139765027
229,1,-0.274777142142247,0.351624139765027
229,1.5,-0.0931793092099914,0.351624139765027
229,2,-1.57700837105411,0.351624139765027
229,2.5,-1.11858203005564,0.351624139765027
229,3,-0.787283616201003,0.351624139765027
229,3.5,-1.5402306015354,0.351624139765027
229,4,-0.831876250183869,0.351624139765027
230,0,1.60369477748551,1.53940945921842
231,0,-0.0481005482659129,0.22208576072368
231,0.5,0.0297889062206168,0.22208576072368
232,0,0.747928851266549,0.408536625767101
232,0.5,1.54472654967504,0.408536625767101
233,0,0.978341126648879,0.950700602082446
233,0.5,-0.311997120543602,0.950700602082446
233,1,1.60977027067155,0.950700602082446
234,0,1.92700426028398,0.945777648592702
234,0.5,2.8797809902502,0.945777648592702
234,1,1.17549945144727,0.945777648592702
235,0,0.389896867084708,0.782574645895226
235,0.5,0.196211653993391,0.782574645895226
235,1,1.46532101932809,0.782574645895226
236,0,0.142477923129017,0.793116489966496
236,0.5,1.29234489466528,0.793116489966496
236,1,0.807047972419973,0.793116489966496
236,1.5,2.02400173578324,0.793116489966496
236,2,1.01214355393739,0.793116489966496
236,2.5,2.58211466571445,0.793116489966496
236,3,0.782446713466311,0.793116489966496
236,3.5,1.80136805217144,0.793116489966496
236,4,0.72447339267711,0.793116489966496
237,0,-1.71695529636897,-0.619491621220018
237,0.5,-2.45893314882722,-0.619491621220018
237,1,-0.674138255066417,-0.619491621220018
237,1.5,0.475359774241137,-0.619491621220018
238,0,-0.663471283776717,0.790178382601665
239,0,1.18791325997852,0.968294933597019
239,0.5,1.72066550702562,0.968294933597019
239,1,2.75187076747324,0.968294933597019
239,1.5,2.54291357244077,0.968294933597019
240,0,-0.129625443273239,-1.87498722911352
240,0.5,-0.535813278743391,-1.87498722911352
240,1,-0.0664785538109189,-1.87498722911352
240,1.5,-0.899807962154063,-1.87498722911352
240,2,-0.935478284266749,-1.87498722911352
240,2.5,-1.25023830097791,-1.87498722911352
240,3,-3.02689953000194,-1.87498722911352
240,3.5,-1.73747874733457,-1.87498722911352
240,4,-1.93962677262779,-1.87498722911352
241,0,3.42658134584484,2.21533650223614
241,0.5,4.15010911446053,2.21533650223614
241,1,5.25736869053428,2.21533650223614
242,0,-0.0544008220772449,-0.894333188403444
242,0.5,-0.192170301693394,-0.894333188403444
242,1,0.0759223007826038,-0.894333188403444
242,1.5,0.747912800991633,-0.894333188403444
243,0,-0.102271529177841,0.251615444447541
243,0.5,0.934142230361969,0.251615444447541
243,1,0.328193144201731,0.251615444447541
243,1.5,1.6796742780108,0.251615444447541
243,2,0.790735186331777,0.251615444447541
243,2.5,2.66470964068286,0.251615444447541
243,3,1.68478144835936,0.251615444447541
243,3.5,2.97599206140096,0.251615444447541
243,4,2.73297263060018,0.251615444447541
244,0,1.0712247033646,0.885908317039732
244,0.5,1.52361004572183,0.885908317039732
244,1,2.03607631458736,0.885908317039732
244,1.5,1.71030178787708,0.885908317039732
244,2,2.25529633847696,0.885908317039732
244,2.5,2.31757661435385,0.885908317039732
244,3,2.99586180420054,0.885908317039732
244,3.5,1.50503886687123,0.885908317039732
244,4,2.16620200825997,0.885908317039732
245,0,-1.15491730590447,-0.798614653603771
245,0.5,-0.535711825279319,-0.798614653603771
245,1,0.377842620074993,-0.798614653603771
245,1.5,0.886851847113104,-0.798614653603771
245,2,0.818059291340721,-0.798614653603771
246,0,0.741679732809006,0.87014640701548
247,0,-0.604344991083838,-0.585411292574246
247,0.5,-0.563763873450974,-0.585411292574246
247,1,0.357147866023867,-0.585411292574246
247,1.5,0.800914062273099,-0.585411292574246
247,2,-0.118646498974787,-0.585411292574246
247,2.5,1.09553080253978,-0.585411292574246
247,3,1.70478936062505,-0.585411292574246
247,3.5,1.15948370733592,-0.585411292574246
247,4,1.29786970303289,-0.585411292574246
248,0,1.71498576218556,0.173744583197628
248,0.5,1.20742821667094,0.173744583197628
249,0,-0.691692882491195,-0.714262743668676
249,0.5,0.351215745754321,-0.714262743668676
250,0,2.09355534552457,0.492410468743675
250,0.5,2.38875526360864,0.492410468743675
250,1,2.41986587390235,0.492410468743675
250,1.5,3.03349459396404,0.492410468743675
250,2,3.03962043717769,0.492410468743675
250,2.5,2.61284676017679,0.492410468743675
250,3,3.62218980868905,0.492410468743675
250,3.5,3.30855667868969,0.492410468743675
250,4,4.36203358094613,0.492410468743675
